"category","meanAbun","meanRich"
"No plastic",33.9545454545455,5.75
"Plastic",27.6451612903226,4.64516129032258
